"Id","Material_Name","Database_Source","Category","URL","Name","Database","Composition","Manufacturer","Technical_Readiness_Level","Last_Modified","Description","Point_of_Contact","Property_References","General_References","Density_Value","Density_Units","Density_Uncertainty","Density_Source","Density_STP","Density_Reference","Density_Last_Modified","Thermal_Conductivity_Thru_the_Thickness_Value","Thermal_Conductivity_Thru_the_Thickness_Units","Thermal_Conductivity_Thru_the_Thickness_Uncertainty","Thermal_Conductivity_Thru_the_Thickness_Source","Thermal_Conductivity_Thru_the_Thickness_STP","Thermal_Conductivity_Thru_the_Thickness_Reference","Thermal_Conductivity_Thru_the_Thickness_Last_Modified","Thermal_Conductivity_In_Plane_Value","Thermal_Conductivity_In_Plane_Units","Thermal_Conductivity_In_Plane_Uncertainty","Thermal_Conductivity_In_Plane_Source","Thermal_Conductivity_In_Plane_STP","Thermal_Conductivity_In_Plane_Reference","Thermal_Conductivity_In_Plane_Last_Modified","Specific_Heat_Value","Specific_Heat_Units","Specific_Heat_Uncertainty","Specific_Heat_Source","Specific_Heat_STP","Specific_Heat_Reference","Specific_Heat_Last_Modified","Notes","Tensile_Strength_Isotropic_1_Value","Tensile_Strength_Isotropic_1_Units","Tensile_Strength_Isotropic_1_Uncertainty","Tensile_Strength_Isotropic_1_Source","Tensile_Strength_Isotropic_1_STP","Tensile_Strength_Isotropic_1_Reference","Tensile_Strength_Isotropic_1_Last_Modified","Tensile_Yield_Strength_Isotropic_2_Value","Tensile_Yield_Strength_Isotropic_2_Units","Tensile_Yield_Strength_Isotropic_2_Uncertainty","Tensile_Yield_Strength_Isotropic_2_Source","Tensile_Yield_Strength_Isotropic_2_STP","Tensile_Yield_Strength_Isotropic_2_Reference","Tensile_Yield_Strength_Isotropic_2_Last_Modified","Tensile_Modulus_In_Plane_3_Value","Tensile_Modulus_In_Plane_3_Units","Tensile_Modulus_In_Plane_3_Uncertainty","Tensile_Modulus_In_Plane_3_Source","Tensile_Modulus_In_Plane_3_STP","Tensile_Modulus_In_Plane_3_Reference","Tensile_Modulus_In_Plane_3_Last_Modified","Tensile_Modulus_Isotropic_2_Value","Tensile_Modulus_Isotropic_2_Units","Tensile_Modulus_Isotropic_2_Uncertainty","Tensile_Modulus_Isotropic_2_Source","Tensile_Modulus_Isotropic_2_STP","Tensile_Modulus_Isotropic_2_Reference","Tensile_Modulus_Isotropic_2_Last_Modified","Coefficient_of_Thermal_Expansion_Isotropic_3_Value","Coefficient_of_Thermal_Expansion_Isotropic_3_Units","Coefficient_of_Thermal_Expansion_Isotropic_3_Uncertainty","Coefficient_of_Thermal_Expansion_Isotropic_3_Source","Coefficient_of_Thermal_Expansion_Isotropic_3_STP","Coefficient_of_Thermal_Expansion_Isotropic_3_Reference","Coefficient_of_Thermal_Expansion_Isotropic_3_Last_Modified","Pictures","Thermal_Conductivity_Thru_the_Thickness_1_Value","Thermal_Conductivity_Thru_the_Thickness_1_Units","Thermal_Conductivity_Thru_the_Thickness_1_Source","Thermal_Conductivity_Thru_the_Thickness_1_STP","Thermal_Conductivity_Thru_the_Thickness_1_Last_Modified","Thermal_Conductivity_In_Plane_2_Value","Thermal_Conductivity_In_Plane_2_Units","Thermal_Conductivity_In_Plane_2_Source","Thermal_Conductivity_In_Plane_2_STP","Thermal_Conductivity_In_Plane_2_Last_Modified","Emissivity3_Value","Emissivity3_Units","Emissivity3_Source","Emissivity3_STP","Emissivity3_Last_Modified","Multiple_Use_Temperature_Limit4_Value","Multiple_Use_Temperature_Limit4_Units","Multiple_Use_Temperature_Limit4_Source","Multiple_Use_Temperature_Limit4_STP","Multiple_Use_Temperature_Limit4_Last_Modified","Single_Use_Temperature_Limit5_Value","Single_Use_Temperature_Limit5_Units","Single_Use_Temperature_Limit5_Source","Single_Use_Temperature_Limit5_STP","Single_Use_Temperature_Limit5_Last_Modified","Eutectic_Temperature_Limit6_Value","Eutectic_Temperature_Limit6_Units","Eutectic_Temperature_Limit6_Source","Eutectic_Temperature_Limit6_STP","Eutectic_Temperature_Limit6_Last_Modified","Melt_Temperature7_Value","Melt_Temperature7_Units","Melt_Temperature7_Source","Melt_Temperature7_STP","Melt_Temperature7_Last_Modified","Tensile_Strength_Thru_the_Thickness_8_Value","Tensile_Strength_Thru_the_Thickness_8_Units","Tensile_Strength_Thru_the_Thickness_8_Source","Tensile_Strength_Thru_the_Thickness_8_STP","Tensile_Strength_Thru_the_Thickness_8_Reference","Tensile_Strength_Thru_the_Thickness_8_Last_Modified","Tensile_Strength_In_Plane_9_Value","Tensile_Strength_In_Plane_9_Units","Tensile_Strength_In_Plane_9_Source","Tensile_Strength_In_Plane_9_STP","Tensile_Strength_In_Plane_9_Reference","Tensile_Strength_In_Plane_9_Last_Modified","Tensile_Modulus_Thru_the_Thickness_10_Value","Tensile_Modulus_Thru_the_Thickness_10_Units","Tensile_Modulus_Thru_the_Thickness_10_Source","Tensile_Modulus_Thru_the_Thickness_10_STP","Tensile_Modulus_Thru_the_Thickness_10_Last_Modified","Tensile_Modulus_In_Plane_11_Value","Tensile_Modulus_In_Plane_11_Units","Tensile_Modulus_In_Plane_11_Source","Tensile_Modulus_In_Plane_11_STP","Tensile_Modulus_In_Plane_11_Last_Modified","Compressive_Strength_In_Plane_Value","Compressive_Strength_In_Plane_Units","Compressive_Strength_In_Plane_Source","Compressive_Strength_In_Plane_STP","Compressive_Strength_In_Plane_Reference","Compressive_Strength_In_Plane_Last_Modified","Shear_Strength_Isotropic_12_Value","Shear_Strength_Isotropic_12_Units","Shear_Strength_Isotropic_12_Source","Shear_Strength_Isotropic_12_STP","Shear_Strength_Isotropic_12_Reference","Shear_Strength_Isotropic_12_Last_Modified","Poisson_s_Ratio_Isotropic_13_Value","Poisson_s_Ratio_Isotropic_13_Units","Poisson_s_Ratio_Isotropic_13_Source","Poisson_s_Ratio_Isotropic_13_STP","Poisson_s_Ratio_Isotropic_13_Last_Modified","Coefficient_of_Thermal_Expansion_Thru_the_Thickness_14_Value","Coefficient_of_Thermal_Expansion_Thru_the_Thickness_14_Units","Coefficient_of_Thermal_Expansion_Thru_the_Thickness_14_Source","Coefficient_of_Thermal_Expansion_Thru_the_Thickness_14_STP","Coefficient_of_Thermal_Expansion_Thru_the_Thickness_14_Reference","Coefficient_of_Thermal_Expansion_Thru_the_Thickness_14_Last_Modified","Coefficient_of_Thermal_Expansion_In_Plane_15_Value","Coefficient_of_Thermal_Expansion_In_Plane_15_Units","Coefficient_of_Thermal_Expansion_In_Plane_15_Source","Coefficient_of_Thermal_Expansion_In_Plane_15_STP","Coefficient_of_Thermal_Expansion_In_Plane_15_Reference","Coefficient_of_Thermal_Expansion_In_Plane_15_Last_Modified","Emissivity1_Value","Emissivity1_Units","Emissivity1_Uncertainty","Emissivity1_Source","Emissivity1_STP","Emissivity1_Reference","Emissivity1_Last_Modified","Absorptivity2_Value","Absorptivity2_Units","Absorptivity2_Uncertainty","Absorptivity2_Source","Absorptivity2_STP","Absorptivity2_Reference","Absorptivity2_Last_Modified","Tensile_Strength_Isotropic_3_Value","Tensile_Strength_Isotropic_3_Units","Tensile_Strength_Isotropic_3_Uncertainty","Tensile_Strength_Isotropic_3_Source","Tensile_Strength_Isotropic_3_STP","Tensile_Strength_Isotropic_3_Reference","Tensile_Strength_Isotropic_3_Last_Modified","Tensile_Modulus_Isotropic_4_Value","Tensile_Modulus_Isotropic_4_Units","Tensile_Modulus_Isotropic_4_Uncertainty","Tensile_Modulus_Isotropic_4_Source","Tensile_Modulus_Isotropic_4_STP","Tensile_Modulus_Isotropic_4_Reference","Tensile_Modulus_Isotropic_4_Last_Modified","Thermal_Conductivity_Isotropic_1_Value","Thermal_Conductivity_Isotropic_1_Units","Thermal_Conductivity_Isotropic_1_Source","Thermal_Conductivity_Isotropic_1_STP","Thermal_Conductivity_Isotropic_1_Reference","Thermal_Conductivity_Isotropic_1_Last_Modified","Specific_Heat2_Value","Specific_Heat2_Units","Specific_Heat2_Source","Specific_Heat2_STP","Specific_Heat2_Reference","Specific_Heat2_Last_Modified","Thermal_Conductivity_Isotropic_Value","Thermal_Conductivity_Isotropic_Units","Thermal_Conductivity_Isotropic_Source","Thermal_Conductivity_Isotropic_STP","Thermal_Conductivity_Isotropic_Reference","Thermal_Conductivity_Isotropic_Last_Modified","Emissivity_Value","Emissivity_Units","Emissivity_Source","Emissivity_STP","Emissivity_Reference","Emissivity_Last_Modified","Single_Use_Temperature_Limit_Value","Single_Use_Temperature_Limit_Units","Single_Use_Temperature_Limit_Source","Single_Use_Temperature_Limit_STP","Single_Use_Temperature_Limit_Reference","Single_Use_Temperature_Limit_Last_Modified","Thermal_Conductivity_Isotropic_Uncertainty","Multiple_Use_Temperature_Limit_Value","Multiple_Use_Temperature_Limit_Units","Multiple_Use_Temperature_Limit_Source","Multiple_Use_Temperature_Limit_STP","Multiple_Use_Temperature_Limit_Last_Modified","Purchase_Cost_Value","Purchase_Cost_Units","Purchase_Cost_Source","Purchase_Cost_STP","Purchase_Cost_Last_Modified","Installation_Time_Value","Installation_Time_Units","Installation_Time_Source","Installation_Time_STP","Installation_Time_Last_Modified","Inspection_Repair_Time_per_Flight_Value","Inspection_Repair_Time_per_Flight_Units","Inspection_Repair_Time_per_Flight_Source","Inspection_Repair_Time_per_Flight_STP","Inspection_Repair_Time_per_Flight_Last_Modified","Replacement_Fraction_per_Flight_Value","Replacement_Fraction_per_Flight_Units","Replacement_Fraction_per_Flight_Source","Replacement_Fraction_per_Flight_STP","Replacement_Fraction_per_Flight_Last_Modified","Reuse_Flight_Limit_of_flights_Value","Reuse_Flight_Limit_of_flights_Units","Reuse_Flight_Limit_of_flights_Source","Reuse_Flight_Limit_of_flights_STP","Reuse_Flight_Limit_of_flights_Last_Modified"
"1","1/4"" Rohacell 31 foam/carbon cloth Aircraft Skin Composite - 0.2953"" thick - Composite Structures Technology","NASA Langley Research Center Database","Structural Organic Composites | Description:","https://tpsx.arc.nasa.gov/Material?id=1547","1/4"" Rohacell 31 foam/carbon cloth Aircraft Skin Composite - 0.2953"" thick - Composite Structures Technology | Description:","NASA Langley Research Center Database | Description:","Description:","Description:","4 | Description:","2003-07-30 | Description:","Dimensions: 1ft x 1/4 ft x 1/4 in or 0.3048 m x 0.0762 m x 0.00635 m
                                                                                                                                                   Composite layer breakdown:  pre-pregged carbon cloth, 1/4"" (0.00635 m) thick Rohacell 31 foam (2 lb/ft^3), pre-pregged carbon cloth 
                                                                                                                                                             Total specimen:  0.0075 m thick, diameter is 0.048022 cm, 0.00391712 kg                                            Proposed aircraft skin for the blended wing aircraft.","Stephan Adam Ryan | NASA Langley Research Center | R.A.STEPHAN@LaRC.NASA.GOV","1. Dr. Ray Taylor: Thermophysical Properties of Three Sandwich Composites:Thermophysical Properties Research Laboratory, Inc (TPRL):Jan-00:TPSX Ref. #176.","1. Dr. Ray Taylor: Thermophysical Properties of Three Sandwich Composites:Thermophysical Properties Research Laboratory, Inc (TPRL):Jan-00:TPSX Ref. #176.","2.88e+02","kg/m^3","1.44","measured","assumed/assumed","1","2006-01-05","1.07e-01","W/m-K","5.35e-04","measured","TRUE","1","2006-01-05","1.99e-01","W/m-K","2.00e-03","measured","TRUE","1","2006-01-05","9.67e+02","J/kg-K","4.84","measured","TRUE","1","2006-01-05","null","null","null","null","null","null","null","null","null","null","null","null","null","null","null","null","null","null","null","null","null","null","null","null","null","null","null","null","null","null","null","null","null","null","null","null","null","null","null","null","null","null","null","null","null","null","null","null","null","null","null","null","null","null","null","null","null","null","null","null","null","null","null","null","null","null","null","null","null","null","null","null","null","null","null","null","null","null","null","null","null","null","null","null","null","null","null","null","null","null","null","null","null","null","null","null","null","null","null","null","null","null","null","null","null","null","null","null","null","null","null","null","null","null","null","null","null","null","null","null","null","null","null","null","null","null","null","null","null","null","null","null","null","null","null","null","null","null","null","null","null","null","null","null","null","null","null","null","null","null","null","null","null","null","null","null","null","null","null","null","null","null","null","null","null","null","null","null","null","null","null","null","null","null","null","null","null","null","null","null","null","null","null","null","null","null","null","null","null","null","null","null","null","null","null","null","null","null","null","null","null","null","null","null","null","null","null","null","null","null","null","null"
"2","1,3-Bis(3,4-dicarboxyphenoxy-4-phenyl-2-propyl)benzene dianhydride [Bisphenol M diether dianhydride]/1,3-Bis[4-aminophenoxy-4-(a","NASA Langley Research Center Database","Polyamides | Description:","https://tpsx.arc.nasa.gov/Material?id=1437","1,3-Bis(3,4-dicarboxyphenoxy-4-phenyl-2-propyl)benzene dianhydride [Bisphenol M diether dianhydride]/1,3-Bis[4-aminophenoxy-4-(a | Description:","NASA Langley Research Center Database | Description:","Composition of BMDEDA - 1,3-Bis(3,4-dicarboxyphenoxy-4-phenyl-2-propyl)benzene dianhydride [Bisphenol M diether dianhydride] - A mixture of bisphenol M (34.65 g, 0.10 mole), 4-fluorophthalic anhydride (36.54g, 0.22 mole), spray dried KF (17.43g, 0.30 mole | Description:","1,3-Bis(4-hydroxyphenyl-2-propyl)benzene (bishpenol M) - Ken Seika Corp.                                                               4-fluorophthalic anhydride - Occidental Chemical Corp. | Description:","Description:","2003-07-14 | Description:","This material is a polyimide film which was created in an effort to identify potential liquid crystalline polyimides.  Polyamic acid was prepared by the reaction of 1,3-Bis(3,4-dicarboxyphenoxy-4-phenyl-2-propyl)benzene dianhydride [Bisphenol M diether dianhydride] BMDEDA and 1,3-Bis[4-aminophenoxy-4-(a, a-dimethylbenzyl)] benzene (1,3-BAPDBB) in DMAc under a nitrogen atmosphere at 23¡C.  The thin film was cast from the polyamic acid solution and thermally imidized during a stage cure to 240¡C in flowing air.","Catherine Fay | NASA Langley Research Center | c.c.fay@larc.nasa.gov","1. C.C. Fay, J.G. Smith, T.L. St. Clair: Potential Liquid Crystalline Polyimides:Polymer Preprints:TPSX Ref. #147.","1. C.C. Fay, J.G. Smith, T.L. St. Clair: Potential Liquid Crystalline Polyimides:Polymer Preprints:TPSX Ref. #147.","null","null","null","null","null","null","null","null","null","null","null","null","null","null","null","null","null","null","null","null","null","null","null","null","null","null","null","null","1. Determined according to ASTM D882 using a minimum of five specimens. | 2. Determined according to ASTM D882 using a minimum of five specimens. | 3. Determined according to ASTM D882 using a minimum of five specimens.","8.34e+07","Pa","4.17e+05","measured","TRUE","1","2006-01-05","8.41e+07","Pa","4.21e+05","measured","TRUE","1","2006-01-05","2.52e+09","Pa","1.26e+07","measured","TRUE","1","2006-01-05","null","null","null","null","null","null","null","null","null","null","null","null","null","null","null","null","null","null","null","null","null","null","null","null","null","null","null","null","null","null","null","null","null","null","null","null","null","null","null","null","null","null","null","null","null","null","null","null","null","null","null","null","null","null","null","null","null","null","null","null","null","null","null","null","null","null","null","null","null","null","null","null","null","null","null","null","null","null","null","null","null","null","null","null","null","null","null","null","null","null","null","null","null","null","null","null","null","null","null","null","null","null","null","null","null","null","null","null","null","null","null","null","null","null","null","null","null","null","null","null","null","null","null","null","null","null","null","null","null","null","null","null","null","null","null","null","null","null","null","null","null","null","null","null","null","null","null","null","null","null","null","null","null","null","null","null","null","null","null","null","null","null","null","null","null","null","null","null","null","null","null","null","null","null","null","null","null","null","null","null","null","null","null","null","null","null","null","null","null","null"
"3","1,3-Bis(3,4-dicarboxyphenoxy-4-phenyl-2-propyl)benzene dianhydride [Bisphenol M diether dianhydride]/1,4Phenylenediamine/dried a","NASA Langley Research Center Database","Polyamides | Description:","https://tpsx.arc.nasa.gov/Material?id=1441","1,3-Bis(3,4-dicarboxyphenoxy-4-phenyl-2-propyl)benzene dianhydride [Bisphenol M diether dianhydride]/1,4Phenylenediamine/dried a | Description:","NASA Langley Research Center Database | Description:","Composition of BMDEDA - 1,3-Bis(3,4-dicarboxyphenoxy-4-phenyl-2-propyl)benzene dianhydride [Bisphenol M diether dianhydride] - A mixture of bisphenol M (34.65 g, 0.10 mole), 4-fluorophthalic anhydride (36.54g, 0.22 mole), spray dried KF (17.43g, 0.30 mole | Description:","1,3-Bis(4-hydroxyphenyl-2-propyl)benzene (bishpenol M) - Ken Seika Corp.                                                               4-fluorophthalic anhydride - Occidental Chemical Corp. | Description:","Description:","2003-07-14 | Description:","This material is a polyimide film which was created in an effort to identify potential liquid crystalline polyimides.  Polyamic acid was prepared by the reaction of 1,3-Bis(3,4-dicarboxyphenoxy-4-phenyl-2-propyl)benzene dianhydride [Bisphenol M diether dianhydride] BMDEDA and 1,4Phenylenediamine (p-PDA) in DMAc under a nitrogen atmosphere at 23¡C.  The thin film was cast from the polyamic acid solution and thermally imidized during a stage cure to 240¡C in flowing air.","Catherine Fay | NASA Langley Research Center | c.c.fay@larc.nasa.gov","1. C.C. Fay, J.G. Smith, T.L. St. Clair: Potential Liquid Crystalline Polyimides:Polymer Preprints:TPSX Ref. #147.","1. C.C. Fay, J.G. Smith, T.L. St. Clair: Potential Liquid Crystalline Polyimides:Polymer Preprints:TPSX Ref. #147.","null","null","null","null","null","null","null","null","null","null","null","null","null","null","null","null","null","null","null","null","null","null","null","null","null","null","null","null","1. Determined according to ASTM D882 using a minimum of five specimens. | 2. Determined according to ASTM D882 using a minimum of five specimens. | 3. Determined according to ASTM D882 using a minimum of five specimens.","8.20e+07","Pa","4.10e+05","measured","TRUE","1","2006-01-05","8.83e+07","Pa","4.42e+05","measured","TRUE","1","2006-01-05","2.54e+09","Pa","1.27e+07","measured","TRUE","1","2006-01-05","null","null","null","null","null","null","null","null","null","null","null","null","null","null","null","null","null","null","null","null","null","null","null","null","null","null","null","null","null","null","null","null","null","null","null","null","null","null","null","null","null","null","null","null","null","null","null","null","null","null","null","null","null","null","null","null","null","null","null","null","null","null","null","null","null","null","null","null","null","null","null","null","null","null","null","null","null","null","null","null","null","null","null","null","null","null","null","null","null","null","null","null","null","null","null","null","null","null","null","null","null","null","null","null","null","null","null","null","null","null","null","null","null","null","null","null","null","null","null","null","null","null","null","null","null","null","null","null","null","null","null","null","null","null","null","null","null","null","null","null","null","null","null","null","null","null","null","null","null","null","null","null","null","null","null","null","null","null","null","null","null","null","null","null","null","null","null","null","null","null","null","null","null","null","null","null","null","null","null","null","null","null","null","null","null","null","null","null","null","null"
"4","1,3-Bis(3,4-dicarboxyphenoxy-4-phenyl-2-propyl)benzene dianhydride [Bisphenol M diether dianhydride]/1,4Phenylenediamine/dried a","NASA Langley Research Center Database","Polyamides | Description:","https://tpsx.arc.nasa.gov/Material?id=1440","1,3-Bis(3,4-dicarboxyphenoxy-4-phenyl-2-propyl)benzene dianhydride [Bisphenol M diether dianhydride]/1,4Phenylenediamine/dried a | Description:","NASA Langley Research Center Database | Description:","Composition of BMDEDA - 1,3-Bis(3,4-dicarboxyphenoxy-4-phenyl-2-propyl)benzene dianhydride [Bisphenol M diether dianhydride] - A mixture of bisphenol M (34.65 g, 0.10 mole), 4-fluorophthalic anhydride (36.54g, 0.22 mole), spray dried KF (17.43g, 0.30 mole | Description:","1,3-Bis(4-hydroxyphenyl-2-propyl)benzene (bishpenol M) - Ken Seika Corp.                                                               4-fluorophthalic anhydride - Occidental Chemical Corp. | Description:","Description:","2003-07-14 | Description:","This material is a polyimide film which was created in an effort to identify potential liquid crystalline polyimides.  Polyamic acid was prepared by the reaction of 1,3-Bis(3,4-dicarboxyphenoxy-4-phenyl-2-propyl)benzene dianhydride [Bisphenol M diether dianhydride] BMDEDA and 1,4Phenylenediamine (p-PDA) in DMAc under a nitrogen atmosphere at 23¡C.  The thin film was cast from the polyamic acid solution and thermally imidized during a stage cure to 200¡C in flowing air.","Catherine Fay | NASA Langley Research Center | c.c.fay@larc.nasa.gov","1. C.C. Fay, J.G. Smith, T.L. St. Clair: Potential Liquid Crystalline Polyimides:Polymer Preprints:TPSX Ref. #147.","1. C.C. Fay, J.G. Smith, T.L. St. Clair: Potential Liquid Crystalline Polyimides:Polymer Preprints:TPSX Ref. #147.","null","null","null","null","null","null","null","null","null","null","null","null","null","null","null","null","null","null","null","null","null","null","null","null","null","null","null","null","1. Determined according to ASTM D882 using a minimum of five specimens. | 2. Determined according to ASTM D882 using a minimum of five specimens. | 3. Determined according to ASTM D882 using a minimum of five specimens.","9.79e+07","Pa","4.90e+05","measured","TRUE","1","2006-01-05","9.79e+07","Pa","4.90e+05","measured","TRUE","1","2006-01-05","3.13e+09","Pa","1.57e+07","measured","TRUE","1","2006-01-05","null","null","null","null","null","null","null","null","null","null","null","null","null","null","null","null","null","null","null","null","null","null","null","null","null","null","null","null","null","null","null","null","null","null","null","null","null","null","null","null","null","null","null","null","null","null","null","null","null","null","null","null","null","null","null","null","null","null","null","null","null","null","null","null","null","null","null","null","null","null","null","null","null","null","null","null","null","null","null","null","null","null","null","null","null","null","null","null","null","null","null","null","null","null","null","null","null","null","null","null","null","null","null","null","null","null","null","null","null","null","null","null","null","null","null","null","null","null","null","null","null","null","null","null","null","null","null","null","null","null","null","null","null","null","null","null","null","null","null","null","null","null","null","null","null","null","null","null","null","null","null","null","null","null","null","null","null","null","null","null","null","null","null","null","null","null","null","null","null","null","null","null","null","null","null","null","null","null","null","null","null","null","null","null","null","null","null","null","null","null"
"5","1,3-Bis(3,4-dicarboxyphenoxy-4-phenyl-2-propyl)benzene dianhydride [Bisphenol M diether dianhydride]/1,5-Diamninonaphthalene  (B","NASA Langley Research Center Database","Polyamides | Description:","https://tpsx.arc.nasa.gov/Material?id=1438","1,3-Bis(3,4-dicarboxyphenoxy-4-phenyl-2-propyl)benzene dianhydride [Bisphenol M diether dianhydride]/1,5-Diamninonaphthalene  (B | Description:","NASA Langley Research Center Database | Description:","Composition of BMDEDA - 1,3-Bis(3,4-dicarboxyphenoxy-4-phenyl-2-propyl)benzene dianhydride [Bisphenol M diether dianhydride] - A mixture of bisphenol M (34.65 g, 0.10 mole), 4-fluorophthalic anhydride (36.54g, 0.22 mole), spray dried KF (17.43g, 0.30 mole | Description:","1,3-Bis(4-hydroxyphenyl-2-propyl)benzene (bishpenol M) - Ken Seika Corp.                                                               4-fluorophthalic anhydride - Occidental Chemical Corp. | Description:","Description:","2003-07-14 | Description:","This material is a polyimide film which was created in an effort to identify potential liquid crystalline polyimides.  Polyamic acid was prepared by the reaction of 1,3-Bis(3,4-dicarboxyphenoxy-4-phenyl-2-propyl)benzene dianhydride [Bisphenol M diether dianhydride] BMDEDA and 1,5-Diamninonaphthalene (1,5-DAN) in DMAc under a nitrogen atmosphere at 23¡C.  The thin film was cast from the polyamic acid solution and thermally imidized during a stage cure to 240¡C in flowing air.","Catherine Fay | NASA Langley Research Center | c.c.fay@larc.nasa.gov","1. C.C. Fay, J.G. Smith, T.L. St. Clair: Potential Liquid Crystalline Polyimides:Polymer Preprints:TPSX Ref. #147.","1. C.C. Fay, J.G. Smith, T.L. St. Clair: Potential Liquid Crystalline Polyimides:Polymer Preprints:TPSX Ref. #147.","null","null","null","null","null","null","null","null","null","null","null","null","null","null","null","null","null","null","null","null","null","null","null","null","null","null","null","null","1. Determined according to ASTM D882 using a minimum of five specimens. | 2. Determined according to ASTM D882 using a minimum of five specimens. | 3. Determined according to ASTM D882 using a minimum of five specimens.","1.05e+08","Pa","5.25e+05","measured","TRUE","1","2006-01-05","1.05e+08","Pa","5.25e+05","measured","TRUE","1","2006-01-05","2.92e+09","Pa","1.46e+07","measured","TRUE","1","2006-01-05","null","null","null","null","null","null","null","null","null","null","null","null","null","null","null","null","null","null","null","null","null","null","null","null","null","null","null","null","null","null","null","null","null","null","null","null","null","null","null","null","null","null","null","null","null","null","null","null","null","null","null","null","null","null","null","null","null","null","null","null","null","null","null","null","null","null","null","null","null","null","null","null","null","null","null","null","null","null","null","null","null","null","null","null","null","null","null","null","null","null","null","null","null","null","null","null","null","null","null","null","null","null","null","null","null","null","null","null","null","null","null","null","null","null","null","null","null","null","null","null","null","null","null","null","null","null","null","null","null","null","null","null","null","null","null","null","null","null","null","null","null","null","null","null","null","null","null","null","null","null","null","null","null","null","null","null","null","null","null","null","null","null","null","null","null","null","null","null","null","null","null","null","null","null","null","null","null","null","null","null","null","null","null","null","null","null","null","null","null","null"
"6","1,3-Bis(3,4-dicarboxyphenoxy-4-phenyl-2-propyl)benzene dianhydride [Bisphenol M diether dianhydride]/2,2'-Bis(trifluoromethyl) b","NASA Langley Research Center Database","Polyamides | Description:","https://tpsx.arc.nasa.gov/Material?id=1439","1,3-Bis(3,4-dicarboxyphenoxy-4-phenyl-2-propyl)benzene dianhydride [Bisphenol M diether dianhydride]/2,2'-Bis(trifluoromethyl) b | Description:","NASA Langley Research Center Database | Description:","Composition of BMDEDA - 1,3-Bis(3,4-dicarboxyphenoxy-4-phenyl-2-propyl)benzene dianhydride [Bisphenol M diether dianhydride] - A mixture of bisphenol M (34.65 g, 0.10 mole), 4-fluorophthalic anhydride (36.54g, 0.22 mole), spray dried KF (17.43g, 0.30 mole | Description:","1,3-Bis(4-hydroxyphenyl-2-propyl)benzene (bishpenol M) - Ken Seika Corp.                                                               4-fluorophthalic anhydride - Occidental Chemical Corp. | Description:","Description:","2003-07-14 | Description:","This material is a polyimide film which was created in an effort to identify potential liquid crystalline polyimides.  Polyamic acid was prepared by the reaction of 1,3-Bis(3,4-dicarboxyphenoxy-4-phenyl-2-propyl)benzene dianhydride [Bisphenol M diether dianhydride] BMDEDA and 2,2'-Bis(trifluoromethyl) benzidine) (ABL-21) in DMAc under a nitrogen atmosphere at 23¡C.  The thin film was cast from the polyamic acid solution and thermally imidized during a stage cure to 240¡C in flowing air.","Catherine Fay | NASA Langley Research Center | c.c.fay@larc.nasa.gov","1. C.C. Fay, J.G. Smith, T.L. St. Clair: Potential Liquid Crystalline Polyimides:Polymer Preprints:TPSX Ref. #147.","1. C.C. Fay, J.G. Smith, T.L. St. Clair: Potential Liquid Crystalline Polyimides:Polymer Preprints:TPSX Ref. #147.","null","null","null","null","null","null","null","null","null","null","null","null","null","null","null","null","null","null","null","null","null","null","null","null","null","null","null","null","1. Determined according to ASTM D882 using a minimum of five specimens. | 2. Determined according to ASTM D882 using a minimum of five specimens. | 3. Determined according to ASTM D882 using a minimum of five specimens.","9.03e+07","Pa","4.52e+05","measured","TRUE","1","2006-01-05","8.83e+07","Pa","4.42e+05","measured","TRUE","1","2006-01-05","2.68e+09","Pa","1.34e+07","measured","TRUE","1","2006-01-05","null","null","null","null","null","null","null","null","null","null","null","null","null","null","null","null","null","null","null","null","null","null","null","null","null","null","null","null","null","null","null","null","null","null","null","null","null","null","null","null","null","null","null","null","null","null","null","null","null","null","null","null","null","null","null","null","null","null","null","null","null","null","null","null","null","null","null","null","null","null","null","null","null","null","null","null","null","null","null","null","null","null","null","null","null","null","null","null","null","null","null","null","null","null","null","null","null","null","null","null","null","null","null","null","null","null","null","null","null","null","null","null","null","null","null","null","null","null","null","null","null","null","null","null","null","null","null","null","null","null","null","null","null","null","null","null","null","null","null","null","null","null","null","null","null","null","null","null","null","null","null","null","null","null","null","null","null","null","null","null","null","null","null","null","null","null","null","null","null","null","null","null","null","null","null","null","null","null","null","null","null","null","null","null","null","null","null","null","null","null"
"7","3,3',4,4'-Benzophenone tetracarboxylic dianhydride (BTDA) + 4,4'-Oxydianiline:Para-phenylene diamine  (4,4'-ODA:p-PDA)","NASA Langley Research Center Database","Polyamides | Description:","https://tpsx.arc.nasa.gov/Material?id=1499","3,3',4,4'-Benzophenone tetracarboxylic dianhydride (BTDA) + 4,4'-Oxydianiline:Para-phenylene diamine  (4,4'-ODA:p-PDA) | Description:","NASA Langley Research Center Database | Description:","Description:","4,4'-Oxydiphthalic anhydride (ODPA) and  Hydroquinone diether dianhydride (HQDEA) - Occidental Chemical Corporation | Description:","Description:","2003-07-25 | Description:","This material is a polyimide copolymer which was developed as part of an effort to find materials which are useful for microelectronics applications such as encapsulants, interlayer dielectrics, and stress relief layers.  The poly(amide acid) (PAA) was prepared by the addition of different stoichiometric amounts of the dianhydride in powder form to a mechanically stirred solution of the diamine in DMAc under a nitrogen atmosphere at room temperature.","Catherine Fay | NASA Langley Research Center | c.c.fay@larc.nasa.gov","1. Catharine C. Fay, Anne K. St. Clair: Dimensionally Stable Polyimide Copolymers for Microelectronics Applications:TPSX Ref. #168.","1. Catharine C. Fay, Anne K. St. Clair: Dimensionally Stable Polyimide Copolymers for Microelectronics Applications:TPSX Ref. #168.","null","null","null","null","null","null","null","null","null","null","null","null","null","null","null","null","null","null","null","null","null","null","null","null","null","null","null","null","1. Measured using a SINTECH 2000-2 Computer Integrated Testing system, as recommended by ASTM-D882, at ambient temperature and humidity.  At least five specimens were used. Other Value is Ratio of dianhydride to diamine. | 2. Measured using a SINTECH 2000-2 Computer Integrated Testing system, as recommended by ASTM-D882, at ambient temperature and humidity.  At least five specimens were used. Other Value is Ratio of dianhydride to diamine. | 3. Obtained on a Seiko TMA Model 100 at a heating rate of 2 degrees C/min. Other Value is Ratio of dianhydride to diamine.","2.22e+08","Pa","1.11e+06","measured","nonstp*","1","2006-01-05","null","null","null","null","null","null","null","null","null","null","null","null","null","null","5.45e+09","Pa","2.73e+07","measured","nonstp*","1","2006-01-05","6.08e-08","1/K","3.04e-10","measured","nonstp*","1","2006-01-05","null","null","null","null","null","null","null","null","null","null","null","null","null","null","null","null","null","null","null","null","null","null","null","null","null","null","null","null","null","null","null","null","null","null","null","null","null","null","null","null","null","null","null","null","null","null","null","null","null","null","null","null","null","null","null","null","null","null","null","null","null","null","null","null","null","null","null","null","null","null","null","null","null","null","null","null","null","null","null","null","null","null","null","null","null","null","null","null","null","null","null","null","null","null","null","null","null","null","null","null","null","null","null","null","null","null","null","null","null","null","null","null","null","null","null","null","null","null","null","null","null","null","null","null","null","null","null","null","null","null","null","null","null","null","null","null","null","null","null","null","null","null","null","null","null","null","null","null","null","null","null","null","null","null","null","null","null","null","null","null","null","null","null","null","null","null","null","null","null","null","null","null","null","null","null","null"
"8","35v/o SCS-9a-(20v/oRBSiC/ZrB2)","NASA Ames Thermal Protection Materials","Ultra-High Temperature Ceramics | Description:","https://tpsx.arc.nasa.gov/Material?id=31","35v/o SCS-9a-(20v/oRBSiC/ZrB2) | Description:","NASA Ames Thermal Protection Materials | Description:","Description:","Advanced Ceramics Research, Tucson, Arizona. | Description:","Description:","1998-11-17 | Description:","The 35v/o SCS-9a-(20v/oRBSiC/ZrB2) CFCC is one of a family of ultra-high temperature, multi-use ceramic matrix composites developed in a NASA ARC funded SBIR.  It, like other UHTC materials, is intended to be used in TPS applications.  It was specifically developed as a ultra high temperature structural material to facilitate attaching other UHTC materials in TPS.  Because of its large strain-to- failure, low modulus, and failure characteristics it may be suitable for many other applications including large panel TPS.  Orthotropic mechanical properties for a unidirectional lay-up (nominally 10 plies) were computed with COSTAR.  These computation were optimized so that good agreement was obtained with measured tensile properties. Thermal properties are from measured values except for the specific heat.  The material is fabricated ply by ply and so other composite architecture are possible are, i.e., [0/90]s.  Consolidation is achieved by uni- axial hot pressing.  This material is fabricated exclusively by Advanced Ceramics Research of Tucson, Arizona.  Because of the planarity and large volume fraction of SiC fibers in this material a oxidation protection coating is recommended for TPS applications.  Such a coating has been optimized for this material by Ultramet of Pacoima, CA in a separate NASA ARC funded SBIR program The coating, called Ultra-2000, is a CVD codeposited HfC/SiC with a nominal thickness of 5 mils.  Maximum single use temperature is based on observed performance of the oxidation protection coating (ULTRA-2000). Parallel, longitudinal or axial properties are in the fiber direction and normal properties are perpendicular or transverse to the fiber. Thin plates of this material can be considered transversely isotropic.","Donald T. Ellerby | NASA Ames Research Center | dellerby@mail.arc.nasa.gov","1. K. Stuffle: Continuous Fiber Reinforced Composites for Heat Shield Applications:NASA ARC Contract NAS2-13896:Jan. 4, 1996:TPSX Ref. #49. | 2. S. Causey, K. Stuffle: Further Characterization of SCS-9afiber-(RBSiC-ZrB2)m Composites for Design of Aerospace Structures:Proceedings of 21st Conference on Composites, Materilas, and Structures, Cocoa Beach, Florida:Jan. 29, 1997:TPSX Ref. #50.","null","3.60e+03","kg/m^3","null","unknown","assumed/assumed","null","2006-01-05","null","null","null","null","null","null","null","null","null","null","null","null","null","null","null","null","null","null","null","null","null","1. Values were calculated from thermal diffusivity (flash method) measurements, specific heat, and density data. | 2. Values were calculated from thermal diffusivity (flash method) measurements, specific heat, and density data. | 3. Total normal emittance of the unoxidized surface.  Emissivity for an adherent oxide scale is typically 0.60.  With the Ultra-2000 coating emittance is 0.9 and fairly independent of temperature. | 4. Based on recrystallization temperature of the SiC fibers. | 5. Based on measured thermal mechanical behavior in the normal direction (Ref 2). | 6. Property value for the matrix. | 7. Property value for the matrix. | 8. Measurements at high temperatures were conducted in an inert atmosphere. (Ref. 2) | 9. Measurements at high temperatures were conducted in an inert atmosphere. (Ref. 2) | 10. Measurements at high temperatures were conducted in an inert atmosphere. | 11. Measurements at high temperatures were conducted in an inert atmosphere. | 12. Interlaminar. | 13. Based on matrix. | 14. CTE measurements are from push-rod dilatometry in an inert atmmosphere. | 15. CTE measurements are from push-rod dilatometry in an inert atmmosphere.","null","null","null","null","null","null","null","null","null","null","null","null","null","null","null","null","null","null","null","null","null","null","null","null","null","null","null","null","null","null","null","null","null","null","null","Cross Section: Unidirectional Lay-up","2.63e+01","W/m-K","unknown","TRUE","2006-01-05","3.25e+01","W/m-K","unknown","TRUE","2006-01-05","0.7","-","unknown","TRUE","2006-01-05","1.98e+03","K","unknown","assumed/assumed","2006-01-05","2.20e+03","K","unknown","assumed/assumed","2006-01-05","2.48e+03","K","unknown","assumed/assumed","2006-01-05","3.02e+03","K","unknown","assumed/assumed","2006-01-05","2.76e+07","Pa","unknown","TRUE","2","2006-01-05","3.28e+08","Pa","unknown","TRUE","2","2006-01-05","1.19e+11","Pa","unknown","TRUE","2006-01-05","9.31e+10","Pa","unknown","TRUE","2006-01-05","7.45e+08","Pa","unknown","TRUE","1","2006-01-05","1.78e+07","Pa","unknown","TRUE","2","2006-01-05","0.14","-","unknown","TRUE","2006-01-05","5.40e-06","1/K","unknown","TRUE","2","2006-01-05","3.96e-06","1/K","unknown","TRUE","2","2006-01-05","null","null","null","null","null","null","null","null","null","null","null","null","null","null","null","null","null","null","null","null","null","null","null","null","null","null","null","null","null","null","null","null","null","null","null","null","null","null","null","null","null","null","null","null","null","null","null","null","null","null","null","null","null","null","null","null","null","null","null","null","null","null","null","null","null","null","null","null","null","null","null","null","null","null","null","null","null","null","null","null","null","null","null","null","null","null","null","null","null"
"9","4,4'-(2-diphenylphosphinyl-1,4-phenylenedioxy)diphthalic anhydride/[2,4-bis(3-aminophenoxy)phenyl]diphenylphosphine oxide  (PPOD","NASA Langley Research Center Database","Polyamides | Description:","https://tpsx.arc.nasa.gov/Material?id=1494","4,4'-(2-diphenylphosphinyl-1,4-phenylenedioxy)diphthalic anhydride/[2,4-bis(3-aminophenoxy)phenyl]diphenylphosphine oxide  (PPOD | Description:","NASA Langley Research Center Database | Description:","Description:","Description:","3 | Description:","2003-07-17 | Description:","This material was prepared as part of an ongoing materials development activity to produce high performance polymers that are durable to the space environment for use with Gossamer spacecraft.  This material was prepared by reacting stoichiometric quantities of a dianhydride (4,4'-(2-diphenylphosphinyl-1,4-phenylenedioxy)diphthalic anhydride (PPODA-1)) with a diamine ([2,4-bis(3-aminophenoxy)phenyl]diphenylphosphine oxide (3-APPO)) to form a poly(amide acid) that was subsequently converted to the polyimide by reacting stoichiometric amounts of PPODA-1 and 3-APPO in DMAc under a nitrogen atmosphere.  Films were cast from polyimide solution in DMAc.  The inherent viscosity is 0.55 dL/g.","John W. Connell | NASA Langley Research Center | j.w.connell@larc.nasa.gov","1. C.M. Thompson, J.G. Smith, K.A. Watson, and J.W. Connell: Polyimides Containing Pendent Phosphine Oxide Groups for Space Applications:TPSX Ref. #166.","1. C.M. Thompson, J.G. Smith, K.A. Watson, and J.W. Connell: Polyimides Containing Pendent Phosphine Oxide Groups for Space Applications:TPSX Ref. #166.","null","null","null","null","null","null","null","null","null","null","null","null","null","null","null","null","null","null","null","null","null","null","null","null","null","null","null","null","1. Measured using an AZ Technology Temp 2000A infrared reflectometer. | 2. Measured on an AZ Technology Model LPSR-300 spectroeflectometer with measurements taken between 250 to 2800 nm with a vapor deposited aluminum on Kapton film as a reflective reference for air mass 0 per ASTM E903. | 3. Determined according to ASTM D882 using either four or five specimens per test condition using an Eaton Model 3397-139 11.4 kg load cell on a Sintech 2 test frame.  The test specimen gauge length was 5.1 cm and the crosshead speed for film testing was 0.51 cm/minute. | 4. Determined according to ASTM D882 using either four or five specimens per test condition using an Eaton Model 3397-139 11.4 kg load cell on a Sintech 2 test frame.  The test specimen gauge length was 5.1 cm and the crosshead speed for film testing was 0.51 cm/minute.","null","null","null","null","null","null","null","null","null","null","null","null","null","null","null","null","null","null","null","null","null","null","null","null","null","null","null","null","null","null","null","null","null","null","null","null","null","null","null","null","null","null","null","null","null","null","null","null","null","null","null","null","null","null","null","null","null","null","null","null","null","null","null","null","null","null","null","null","null","null","null","null","null","null","null","null","null","null","null","null","null","null","null","null","null","null","null","null","null","null","null","null","null","null","null","null","null","null","null","null","null","null","null","null","null","null","null","null","null","null","null","null","null","null","null","null","null","null","null","null","null","null","0.65","-","3.25e-02","measured","assumed/assumed","1","2006-01-05","0.07","-","3.50e-03","measured","assumed/assumed","1","2006-01-05","9.00e+07","Pa","4.50e+06","measured","assumed/assumed","1","2006-01-05","3.50e+09","Pa","1.75e+08","measured","assumed/assumed","1","2006-01-05","null","null","null","null","null","null","null","null","null","null","null","null","null","null","null","null","null","null","null","null","null","null","null","null","null","null","null","null","null","null","null","null","null","null","null","null","null","null","null","null","null","null","null","null","null","null","null","null","null","null","null","null","null","null","null","null","null","null","null","null","null"
"10","4,4'-(2-diphenylphosphinyl-1,4-phenylenedioxy)diphthalic anhydride/[2,5-bis(4-aminophenoxy)phenyl]diphenylphosphine oxide  (PPOD","NASA Langley Research Center Database","Polyamides | Description:","https://tpsx.arc.nasa.gov/Material?id=1495","4,4'-(2-diphenylphosphinyl-1,4-phenylenedioxy)diphthalic anhydride/[2,5-bis(4-aminophenoxy)phenyl]diphenylphosphine oxide  (PPOD | Description:","NASA Langley Research Center Database | Description:","Description:","Description:","3 | Description:","2003-07-18 | Description:","This material was prepared as part of an ongoing materials development activity to produce high performance polymers that are durable to the space environment for use with Gossamer spacecraft.  This material was prepared by reacting stoichiometric quantities of a dianhydride (4,4'-(2-diphenylphosphinyl-1,4-phenylenedioxy)diphthalic anhydride (PPODA-1)) with a diamine ([2,5-bis(4-aminophenoxy)phenyl]diphenylphosphine oxide (4-APPO)) to form a poly(amide acid) that was subsequently converted to the polyimide by reacting stoichiometric amounts of PPODA-1 and 4-APPO in DMAc under a nitrogen atmosphere.  Films were cast from polyimide solution in DMAc.  The inherent viscosity is 0.47 dL/g.","John W. Connell | NASA Langley Research Center | j.w.connell@larc.nasa.gov","1. C.M. Thompson, J.G. Smith, K.A. Watson, and J.W. Connell: Polyimides Containing Pendent Phosphine Oxide Groups for Space Applications:TPSX Ref. #166.","1. C.M. Thompson, J.G. Smith, K.A. Watson, and J.W. Connell: Polyimides Containing Pendent Phosphine Oxide Groups for Space Applications:TPSX Ref. #166.","null","null","null","null","null","null","null","null","null","null","null","null","null","null","null","null","null","null","null","null","null","null","null","null","null","null","null","null","1. Measured using an AZ Technology Temp 2000A infrared reflectometer. | 2. Measured on an AZ Technology Model LPSR-300 spectroeflectometer with measurements taken between 250 to 2800 nm with a vapor deposited aluminum on Kapton film as a reflective reference for air mass 0 per ASTM E903. | 3. Determined according to ASTM D882 using either four or five specimens per test condition using an Eaton Model 3397-139 11.4 kg load cell on a Sintech 2 test frame.  The test specimen gauge length was 5.1 cm and the crosshead speed for film testing was 0.51 cm/minute. | 4. Determined according to ASTM D882 using either four or five specimens per test condition using an Eaton Model 3397-139 11.4 kg load cell on a Sintech 2 test frame.  The test specimen gauge length was 5.1 cm and the crosshead speed for film testing was 0.51 cm/minute.","null","null","null","null","null","null","null","null","null","null","null","null","null","null","null","null","null","null","null","null","null","null","null","null","null","null","null","null","null","null","null","null","null","null","null","null","null","null","null","null","null","null","null","null","null","null","null","null","null","null","null","null","null","null","null","null","null","null","null","null","null","null","null","null","null","null","null","null","null","null","null","null","null","null","null","null","null","null","null","null","null","null","null","null","null","null","null","null","null","null","null","null","null","null","null","null","null","null","null","null","null","null","null","null","null","null","null","null","null","null","null","null","null","null","null","null","null","null","null","null","null","null","0.59","-","2.95e-02","measured","assumed/assumed","1","2006-01-05","0.11","-","5.50e-03","measured","assumed/assumed","1","2006-01-05","1.04e+08","Pa","5.20e+05","measured","assumed/assumed","1","2006-01-05","3.50e+09","Pa","1.75e+08","measured","assumed/assumed","1","2006-01-05","null","null","null","null","null","null","null","null","null","null","null","null","null","null","null","null","null","null","null","null","null","null","null","null","null","null","null","null","null","null","null","null","null","null","null","null","null","null","null","null","null","null","null","null","null","null","null","null","null","null","null","null","null","null","null","null","null","null","null","null","null"
"11","4,4'-(2-diphenylphosphinyl-1,4-phenylenedioxy)diphthalic anhydride/4,4'-Oxydianilne  (PPODA-1/4,4'-ODA)","NASA Langley Research Center Database","Polyamides | Description:","https://tpsx.arc.nasa.gov/Material?id=1496","4,4'-(2-diphenylphosphinyl-1,4-phenylenedioxy)diphthalic anhydride/4,4'-Oxydianilne  (PPODA-1/4,4'-ODA) | Description:","NASA Langley Research Center Database | Description:","Description:","Description:","3 | Description:","2003-07-18 | Description:","This material was prepared as part of an ongoing materials development activity to produce high performance polymers that are durable to the space environment for use with Gossamer spacecraft.  This material was prepared by reacting stoichiometric quantities of a dianhydride (4,4'-(2-diphenylphosphinyl-1,4-phenylenedioxy)diphthalic anhydride (PPODA-1)) with a diamine (4,4'-Oxydianilne (4,4'-ODA)) to form a poly(amide acid) that was subsequently converted to the polyimide by reacting stoichiometric amounts of PPODA-1 and 4,4'-ODA in DMAc under a nitrogen atmosphere.  Films were cast from polyimide solution in DMAc.  The inherent viscosity is 0.54 dL/g.","John W. Connell | NASA Langley Research Center | j.w.connell@larc.nasa.gov","1. C.M. Thompson, J.G. Smith, K.A. Watson, and J.W. Connell: Polyimides Containing Pendent Phosphine Oxide Groups for Space Applications:TPSX Ref. #166.","1. C.M. Thompson, J.G. Smith, K.A. Watson, and J.W. Connell: Polyimides Containing Pendent Phosphine Oxide Groups for Space Applications:TPSX Ref. #166.","null","null","null","null","null","null","null","null","null","null","null","null","null","null","null","null","null","null","null","null","null","null","null","null","null","null","null","null","1. Measured using an AZ Technology Temp 2000A infrared reflectometer. | 2. Measured on an AZ Technology Model LPSR-300 spectroeflectometer with measurements taken between 250 to 2800 nm with a vapor deposited aluminum on Kapton film as a reflective reference for air mass 0 per ASTM E903. | 3. Determined according to ASTM D882 using either four or five specimens per test condition using an Eaton Model 3397-139 11.4 kg load cell on a Sintech 2 test frame.  The test specimen gauge length was 5.1 cm and the crosshead speed for film testing was 0.51 cm/minute. | 4. Determined according to ASTM D882 using either four or five specimens per test condition using an Eaton Model 3397-139 11.4 kg load cell on a Sintech 2 test frame.  The test specimen gauge length was 5.1 cm and the crosshead speed for film testing was 0.51 cm/minute.","null","null","null","null","null","null","null","null","null","null","null","null","null","null","null","null","null","null","null","null","null","null","null","null","null","null","null","null","null","null","null","null","null","null","null","null","null","null","null","null","null","null","null","null","null","null","null","null","null","null","null","null","null","null","null","null","null","null","null","null","null","null","null","null","null","null","null","null","null","null","null","null","null","null","null","null","null","null","null","null","null","null","null","null","null","null","null","null","null","null","null","null","null","null","null","null","null","null","null","null","null","null","null","null","null","null","null","null","null","null","null","null","null","null","null","null","null","null","null","null","null","null","0.63","-","3.15e-02","measured","assumed/assumed","1","2006-01-05","0.08","-","4.00e-03","measured","assumed/assumed","1","2006-01-05","1.04e+08","Pa","5.20e+05","measured","assumed/assumed","1","2006-01-05","3.20e+09","Pa","1.60e+08","measured","assumed/assumed","1","2006-01-05","null","null","null","null","null","null","null","null","null","null","null","null","null","null","null","null","null","null","null","null","null","null","null","null","null","null","null","null","null","null","null","null","null","null","null","null","null","null","null","null","null","null","null","null","null","null","null","null","null","null","null","null","null","null","null","null","null","null","null","null","null"
"12","4,4'-(2-diphenylphosphinyl-1,4-phenylenedioxy)diphthalic anhydride/p-phenylenediamine  (PPODA-1/p-PDA)","NASA Langley Research Center Database","Polyamides | Description:","https://tpsx.arc.nasa.gov/Material?id=1497","4,4'-(2-diphenylphosphinyl-1,4-phenylenedioxy)diphthalic anhydride/p-phenylenediamine  (PPODA-1/p-PDA) | Description:","NASA Langley Research Center Database | Description:","Description:","Diamine manufacturer is Aldrich Chemical Co. | Description:","3 | Description:","2003-07-18 | Description:","This material was prepared as part of an ongoing materials development activity to produce high performance polymers that are durable to the space environment for use with Gossamer spacecraft.  This material was prepared by reacting stoichiometric quantities of a dianhydride (4,4'-(2-diphenylphosphinyl-1,4-phenylenedioxy)diphthalic anhydride (PPODA-1)) with a diamine (p-phenylenediamine  (p-PDA)) to form a poly(amide acid) that was subsequently converted to the polyimide by reacting stoichiometric amounts of PPODA-1 and p-PDA in DMAc under a nitrogen atmosphere.  Films were cast from poly(amide acid) solution in DMAc.  The inherent viscosity is 0.99 dL/g.","John W. Connell | NASA Langley Research Center | j.w.connell@larc.nasa.gov","1. C.M. Thompson, J.G. Smith, K.A. Watson, and J.W. Connell: Polyimides Containing Pendent Phosphine Oxide Groups for Space Applications:TPSX Ref. #166.","1. C.M. Thompson, J.G. Smith, K.A. Watson, and J.W. Connell: Polyimides Containing Pendent Phosphine Oxide Groups for Space Applications:TPSX Ref. #166.","null","null","null","null","null","null","null","null","null","null","null","null","null","null","null","null","null","null","null","null","null","null","null","null","null","null","null","null","1. Measured using an AZ Technology Temp 2000A infrared reflectometer. | 2. Measured on an AZ Technology Model LPSR-300 spectroeflectometer with measurements taken between 250 to 2800 nm with a vapor deposited aluminum on Kapton film as a reflective reference for air mass 0 per ASTM E903. | 3. Determined according to ASTM D882 using either four or five specimens per test condition using an Eaton Model 3397-139 11.4 kg load cell on a Sintech 2 test frame.  The test specimen gauge length was 5.1 cm and the crosshead speed for film testing was 0.51 cm/minute. | 4. Determined according to ASTM D882 using either four or five specimens per test condition using an Eaton Model 3397-139 11.4 kg load cell on a Sintech 2 test frame.  The test specimen gauge length was 5.1 cm and the crosshead speed for film testing was 0.51 cm/minute.","null","null","null","null","null","null","null","null","null","null","null","null","null","null","null","null","null","null","null","null","null","null","null","null","null","null","null","null","null","null","null","null","null","null","null","null","null","null","null","null","null","null","null","null","null","null","null","null","null","null","null","null","null","null","null","null","null","null","null","null","null","null","null","null","null","null","null","null","null","null","null","null","null","null","null","null","null","null","null","null","null","null","null","null","null","null","null","null","null","null","null","null","null","null","null","null","null","null","null","null","null","null","null","null","null","null","null","null","null","null","null","null","null","null","null","null","null","null","null","null","null","null","0.51","-","2.55e-02","measured","assumed/assumed","1","2006-01-05","0.11","-","5.50e-03","measured","assumed/assumed","1","2006-01-05","9.00e+07","Pa","4.50e+06","measured","assumed/assumed","1","2006-01-05","3.80e+09","Pa","1.90e+08","measured","assumed/assumed","1","2006-01-05","null","null","null","null","null","null","null","null","null","null","null","null","null","null","null","null","null","null","null","null","null","null","null","null","null","null","null","null","null","null","null","null","null","null","null","null","null","null","null","null","null","null","null","null","null","null","null","null","null","null","null","null","null","null","null","null","null","null","null","null","null"
"13","4,4'-Biphenoxy Dianhydride/bis(3-aminophenyl)-3,5-di(trifluoromethyl)phenylphosphine oxide (BPODA/TFMDA)","NASA Langley Research Center Database","Polyamides | Description:","https://tpsx.arc.nasa.gov/Material?id=1488","4,4'-Biphenoxy Dianhydride/bis(3-aminophenyl)-3,5-di(trifluoromethyl)phenylphosphine oxide (BPODA/TFMDA) | Description:","NASA Langley Research Center Database | Description:","Description:","Description:","3 | Description:","2003-07-17 | Description:","This material was developed as part of an effort to develop low color, ultraviolet radiation and atomic oxygen resistant polyimides.   This was done by combining attributes from colorless, UV resistant polyimides and atomic oxygen resistant polymers into a single material.  It is potentially useful in several spacecraft applications, such as thin film membranes on antennas, second-surface mirrors, thermal/optical coatings and multi-layer thermal insulation (MLI) blankets.  Bis(3-aminophenyl)-3,5-di(trifluoromethyl)phenylphosphine oxide (TFMDA) was synthesized and used to prepare polyimides in order to promote colorlessness.  This material was prepared by reacting stiochiometric quantities of TFMDA with 4,4'-Biphenoxy Dianhydride (BPODA) in N,N-simethylacetamide (DMAc) under a nitrogen atmosphere. The inherent viscosity of BPODA/TFMDA is 0.57 dL/g.  It exhibited temperatures of 5% weight loss of 776.15 K in air and 800.15 K in nitrogen.","John W. Connell | NASA Langley Research Center | j.w.connell@larc.nasa.gov","1. John W. Connell, Kent A. Watson: Polyimides Containing Fluorine and Phosphorus for Potential Space Applications:TPSX Ref. #163.","1. John W. Connell, Kent A. Watson: Polyimides Containing Fluorine and Phosphorus for Potential Space Applications:TPSX Ref. #163.","null","null","null","null","null","null","null","null","null","null","null","null","null","null","null","null","null","null","null","null","null","null","null","null","null","null","null","null","1. determined according to ASTM D882 | 2. determined according to ASTM D882","1.18e+08","Pa","5.91e+04","measured","assumed/assumed","1","2006-01-05","null","null","null","null","null","null","null","null","null","null","null","null","null","null","2.84e+09","Pa","1.42e+07","measured","assumed/assumed","1","2006-01-05","null","null","null","null","null","null","null","null","null","null","null","null","null","null","null","null","null","null","null","null","null","null","null","null","null","null","null","null","null","null","null","null","null","null","null","null","null","null","null","null","null","null","null","null","null","null","null","null","null","null","null","null","null","null","null","null","null","null","null","null","null","null","null","null","null","null","null","null","null","null","null","null","null","null","null","null","null","null","null","null","null","null","null","null","null","null","null","null","null","null","null","null","null","null","null","null","null","null","null","null","null","null","null","null","null","null","null","null","null","null","null","null","null","null","null","null","null","null","null","null","null","null","null","null","null","null","null","null","null","null","null","null","null","null","null","null","null","null","null","null","null","null","null","null","null","null","null","null","null","null","null","null","null","null","null","null","null","null","null","null","null","null","null","null","null","null","null","null","null","null","null","null","null","null","null","null","null","null","null","null","null","null","null"
"14","4,4'-Oxydiphthalic anhydride (ODPA) + 3,4'-Oxydianiline:1,2-Bis(4-aminoanilino)cyclobutene-3,4-dione    (3,4'-ODA:SAPPD)","NASA Langley Research Center Database","Polyamides | Description:","https://tpsx.arc.nasa.gov/Material?id=1502","4,4'-Oxydiphthalic anhydride (ODPA) + 3,4'-Oxydianiline:1,2-Bis(4-aminoanilino)cyclobutene-3,4-dione    (3,4'-ODA:SAPPD) | Description:","NASA Langley Research Center Database | Description:","Description:","4,4'-Oxydiphthalic anhydride (ODPA) and  Hydroquinone diether dianhydride (HQDEA) - Occidental Chemical Corporation | Description:","Description:","2003-07-25 | Description:","This material is a polyimide copolymer which was developed as part of an effort to find materials which are useful for microelectronics applications such as encapsulants, interlayer dielectrics, and stress relief layers.  The poly(amide acid) (PAA) was prepared by the addition of different stoichiometric amounts of the dianhydride in powder form to a mechanically stirred solution of the diamine in DMAc under a nitrogen atmosphere at room temperature.","Catherine Fay | NASA Langley Research Center | c.c.fay@larc.nasa.gov","1. Catharine C. Fay, Anne K. St. Clair: Dimensionally Stable Polyimide Copolymers for Microelectronics Applications:TPSX Ref. #168.","1. Catharine C. Fay, Anne K. St. Clair: Dimensionally Stable Polyimide Copolymers for Microelectronics Applications:TPSX Ref. #168.","null","null","null","null","null","null","null","null","null","null","null","null","null","null","null","null","null","null","null","null","null","null","null","null","null","null","null","null","1. Measured using a SINTECH 2000-2 Computer Integrated Testing system, as recommended by ASTM-D882, at ambient temperature and humidity.  At least five specimens were used. Other Value is Ratio of dianhydride to diamine. | 2. Measured using a SINTECH 2000-2 Computer Integrated Testing system, as recommended by ASTM-D882, at ambient temperature and humidity.  At least five specimens were used. Other Value is Ratio of dianhydride to diamine. | 3. Obtained on a Seiko TMA Model 100 at a heating rate of 2 degrees C/min. *ND = not detected due to decomposition or outgassing of the sample. Other Value is Ratio of dianhydride to diamine.","1.79e+08","Pa","8.95e+05","measured","nonstp*","1","2006-01-05","null","null","null","null","null","null","null","null","null","null","null","null","null","null","6.00e+09","Pa","3.00e+07","measured","nonstp*","1","2006-01-05","1.45e-07","1/K","7.25e-10","measured","nonstp*","1","2006-01-05","null","null","null","null","null","null","null","null","null","null","null","null","null","null","null","null","null","null","null","null","null","null","null","null","null","null","null","null","null","null","null","null","null","null","null","null","null","null","null","null","null","null","null","null","null","null","null","null","null","null","null","null","null","null","null","null","null","null","null","null","null","null","null","null","null","null","null","null","null","null","null","null","null","null","null","null","null","null","null","null","null","null","null","null","null","null","null","null","null","null","null","null","null","null","null","null","null","null","null","null","null","null","null","null","null","null","null","null","null","null","null","null","null","null","null","null","null","null","null","null","null","null","null","null","null","null","null","null","null","null","null","null","null","null","null","null","null","null","null","null","null","null","null","null","null","null","null","null","null","null","null","null","null","null","null","null","null","null","null","null","null","null","null","null","null","null","null","null","null","null","null","null","null","null","null","null"
"15","4,4'-Oxydiphthalic anhydride (ODPA) + 3,4'-Oxydianiline:Para-phenylene diamine (3,4'-ODA:p-PDA)","NASA Langley Research Center Database","Polyamides | Description:","https://tpsx.arc.nasa.gov/Material?id=1501","4,4'-Oxydiphthalic anhydride (ODPA) + 3,4'-Oxydianiline:Para-phenylene diamine (3,4'-ODA:p-PDA) | Description:","NASA Langley Research Center Database | Description:","Description:","4,4'-Oxydiphthalic anhydride (ODPA) and  Hydroquinone diether dianhydride (HQDEA) - Occidental Chemical Corporation | Description:","Description:","2003-07-25 | Description:","This material is a polyimide copolymer which was developed as part of an effort to find materials which are useful for microelectronics applications such as encapsulants, interlayer dielectrics, and stress relief layers.  The poly(amide acid) (PAA) was prepared by the addition of different stoichiometric amounts of the dianhydride in powder form to a mechanically stirred solution of the diamine in DMAc under a nitrogen atmosphere at room temperature.","Catherine Fay | NASA Langley Research Center | c.c.fay@larc.nasa.gov","1. Catharine C. Fay, Anne K. St. Clair: Dimensionally Stable Polyimide Copolymers for Microelectronics Applications:TPSX Ref. #168.","1. Catharine C. Fay, Anne K. St. Clair: Dimensionally Stable Polyimide Copolymers for Microelectronics Applications:TPSX Ref. #168.","null","null","null","null","null","null","null","null","null","null","null","null","null","null","null","null","null","null","null","null","null","null","null","null","null","null","null","null","1. Measured using a SINTECH 2000-2 Computer Integrated Testing system, as recommended by ASTM-D882, at ambient temperature and humidity.  At least five specimens were used. Other Value is Ratio of dianhydride to diamine. | 2. Measured using a SINTECH 2000-2 Computer Integrated Testing system, as recommended by ASTM-D882, at ambient temperature and humidity.  At least five specimens were used. Other Value is Ratio of dianhydride to diamine. | 3. Obtained on a Seiko TMA Model 100 at a heating rate of 2 degrees C/min. Other Value is Ratio of dianhydride to diamine.","2.07e+08","Pa","1.04e+06","measured","nonstp*","1","2006-01-05","null","null","null","null","null","null","null","null","null","null","null","null","null","null","5.72e+09","Pa","2.86e+07","measured","nonstp*","1","2006-01-05","9.50e-08","1/K","4.75e-10","measured","nonstp*","1","2006-01-05","null","null","null","null","null","null","null","null","null","null","null","null","null","null","null","null","null","null","null","null","null","null","null","null","null","null","null","null","null","null","null","null","null","null","null","null","null","null","null","null","null","null","null","null","null","null","null","null","null","null","null","null","null","null","null","null","null","null","null","null","null","null","null","null","null","null","null","null","null","null","null","null","null","null","null","null","null","null","null","null","null","null","null","null","null","null","null","null","null","null","null","null","null","null","null","null","null","null","null","null","null","null","null","null","null","null","null","null","null","null","null","null","null","null","null","null","null","null","null","null","null","null","null","null","null","null","null","null","null","null","null","null","null","null","null","null","null","null","null","null","null","null","null","null","null","null","null","null","null","null","null","null","null","null","null","null","null","null","null","null","null","null","null","null","null","null","null","null","null","null","null","null","null","null","null","null"
"16","4,4'-Perfluoroisopropylidienediphenoxy Dianhydride/bis(3-aminophenyl)-3,5-di(trifluoromethyl)phenylphosphine oxide (BDAF/TFMDA)","NASA Langley Research Center Database","Polyamides | Description:","https://tpsx.arc.nasa.gov/Material?id=1487","4,4'-Perfluoroisopropylidienediphenoxy Dianhydride/bis(3-aminophenyl)-3,5-di(trifluoromethyl)phenylphosphine oxide (BDAF/TFMDA) | Description:","NASA Langley Research Center Database | Description:","Description:","Description:","3 | Description:","2003-07-17 | Description:","This material was developed as part of an effort to develop low color, ultraviolet radiation and atomic oxygen resistant polyimides.  This was done by combining attributes from colorless, UV resistant polyimides and atomic oxygen resistant polymers into a single material.   It is potentially useful in several spacecraft applications, such as thin film membranes on antennas, second-surface mirrors, thermal/optical coatings and multi-layer thermal insulation (MLI) blankets.  Bis(3-aminophenyl)-3,5-di(trifluoromethyl)phenylphosphine oxide (TFMDA) was synthesized and used to prepare polyimides in order to promote colorlessness.  This material was prepared by reacting stiochiometric quantities of TFMDA with 4,4'-Perfluoroisopropylidienediphenoxy Dianhydride (BDAF) in N,N-simethylacetamide (DMAc) under a nitrogen atmosphere.    The inherent viscosity of BDAF/TFMDA is 0.23 dL/g.  It exhibited temperatures of 5% weight loss of 760.15 K in air and 764.15 K in nitrogen.","John W. Connell | NASA Langley Research Center | j.w.connell@larc.nasa.gov","1. John W. Connell, Kent A. Watson: Polyimides Containing Fluorine and Phosphorus for Potential Space Applications:TPSX Ref. #163.","1. John W. Connell, Kent A. Watson: Polyimides Containing Fluorine and Phosphorus for Potential Space Applications:TPSX Ref. #163.","null","null","null","null","null","null","null","null","null","null","null","null","null","null","null","null","null","null","null","null","null","null","null","null","null","null","null","null","1. determined according to ASTM D882 | 2. determined according to ASTM D882","9.30e+07","Pa","4.65e+05","measured","assumed/assumed","1","2006-01-05","null","null","null","null","null","null","null","null","null","null","null","null","null","null","2.92e+09","Pa","1.46e+07","measured","assumed/assumed","1","2006-01-05","null","null","null","null","null","null","null","null","null","null","null","null","null","null","null","null","null","null","null","null","null","null","null","null","null","null","null","null","null","null","null","null","null","null","null","null","null","null","null","null","null","null","null","null","null","null","null","null","null","null","null","null","null","null","null","null","null","null","null","null","null","null","null","null","null","null","null","null","null","null","null","null","null","null","null","null","null","null","null","null","null","null","null","null","null","null","null","null","null","null","null","null","null","null","null","null","null","null","null","null","null","null","null","null","null","null","null","null","null","null","null","null","null","null","null","null","null","null","null","null","null","null","null","null","null","null","null","null","null","null","null","null","null","null","null","null","null","null","null","null","null","null","null","null","null","null","null","null","null","null","null","null","null","null","null","null","null","null","null","null","null","null","null","null","null","null","null","null","null","null","null","null","null","null","null","null","null","null","null","null","null","null","null"
"17","4047 [char]","NASA JSC PathFinder Materials","Carbon-Phenolics | Description:","https://tpsx.arc.nasa.gov/Material?id=124","4047 [char] | Description:","NASA JSC PathFinder Materials | Description:","Hitco CCA 1-1641 carbon cloth; filled phenolic resin, 35%; Compression molded | Description:","Unknown | Description:","Description:","2006-06-15 | Description:","null","dcurry@ems.jsc.nasa.gov","1. D.A. Stewart, J. Pallix, L. Esfahani: Surface Catalytic Efficiency of Candidate Ceramic Thermal Protection Materials for SSTO:NASA CDTM-20007:Mar. 1995:TPSX Ref. #18.","null","1.24e+03","kg/m^3","null","unknown","assumed/assumed","1","2006-01-05","null","null","null","null","null","null","null","null","null","null","null","null","null","null","null","null","null","null","null","null","null","1. Char values for pre-condition char at 2460R; char delaminated | 2. Char values for pre-condition char at 1960R","null","null","null","null","null","null","null","null","null","null","null","null","null","null","null","null","null","null","null","null","null","null","null","null","null","null","null","null","null","null","null","null","null","null","null","null","null","null","null","null","null","null","null","null","null","null","null","null","null","null","null","null","null","null","null","null","null","null","null","null","null","null","null","null","null","null","null","null","null","null","null","null","null","null","null","null","null","null","null","null","null","null","null","null","null","null","null","null","null","null","null","null","null","null","null","null","null","null","null","null","null","null","null","null","null","null","null","null","null","null","null","null","null","null","null","null","null","null","null","null","null","null","null","null","null","null","null","null","null","null","null","null","null","null","null","null","null","null","null","null","null","null","null","null","null","null","null","null","null","null","1.04e+00","W/m-K","unknown","nonstp","1","2006-01-05","8.08e+02","J/kg-K","unknown","nonstp","1","2006-01-05","null","null","null","null","null","null","null","null","null","null","null","null","null","null","null","null","null","null","null","null","null","null","null","null","null","null","null","null","null","null","null","null","null","null","null","null","null","null","null","null","null","null","null","null","null","null","null","null","null"
"18","4047 [virgin]","NASA JSC PathFinder Materials","Carbon-Phenolics | Description:","https://tpsx.arc.nasa.gov/Material?id=123","4047 [virgin] | Description:","NASA JSC PathFinder Materials | Description:","Hitco CCA 1-1641 carbon cloth; filled phenolic resin, 35%; Compression molded | Description:","Unknown | Description:","Description:","2006-06-15 | Description:","null","dcurry@ems.jsc.nasa.gov","1. D.A. Stewart, J. Pallix, L. Esfahani: Surface Catalytic Efficiency of Candidate Ceramic Thermal Protection Materials for SSTO:NASA CDTM-20007:Mar. 1995:TPSX Ref. #18.","null","1.44e+03","kg/m^3","null","unknown","assumed/assumed","1","2006-01-05","null","null","null","null","null","null","null","null","null","null","null","null","null","null","1.17e+03","J/kg-K","null","unknown","nonstp/assumed","1","2006-01-05","null","null","null","null","null","null","null","null","null","null","null","null","null","null","null","null","null","null","null","null","null","null","null","null","null","null","null","null","null","null","null","null","null","null","null","null","null","null","null","null","null","null","null","null","null","null","null","null","null","null","null","null","null","null","null","null","null","null","null","null","null","null","null","null","null","null","null","null","null","null","null","null","null","null","null","null","null","null","null","null","null","null","null","null","null","null","null","null","null","null","null","null","null","null","null","null","null","null","null","null","null","null","null","null","null","null","null","null","null","null","null","null","null","null","null","null","null","null","null","null","null","null","null","null","null","null","null","null","null","null","null","null","null","null","null","null","null","null","null","null","null","null","null","null","null","null","null","null","null","null","null","null","null","null","null","null","null","null","null","null","null","null","null","1.09e+00","W/m-K","unknown","nonstp/assumed","1","2006-01-05","null","null","null","null","null","null","null","null","null","null","null","null","null","null","null","null","null","null","null","null","null","null","null","null","null","null","null","null","null","null","null","null","null","null","null","null","null","null","null","null","null","null","null"
"19","5055 [char]","NASA JSC PathFinder Materials","Carbon-Phenolics | Description:","https://tpsx.arc.nasa.gov/Material?id=106","5055 [char] | Description:","NASA JSC PathFinder Materials | Description:","Hitco COA-1 cloth; filled phenolic resin, 33.8%; compression molded | Description:","H.I. Thompson, U.S. Polymeric | Description:","Description:","2006-06-15 | Description:","null","dcurry@ems.jsc.nasa.gov","1. D.A. Stewart, J. Pallix, L. Esfahani: Surface Catalytic Efficiency of Candidate Ceramic Thermal Protection Materials for SSTO:NASA CDTM-20007:Mar. 1995:TPSX Ref. #18.","null","1.28e+03","kg/m^3","null","unknown","assumed/assumed","1","2006-01-05","null","null","null","null","null","null","null","null","null","null","null","null","null","null","null","null","null","null","null","null","null","1. Char values for pre-condition char at 2460R. | 2. Char values for pre-condition char at 2460R","null","null","null","null","null","null","null","null","null","null","null","null","null","null","null","null","null","null","null","null","null","null","null","null","null","null","null","null","null","null","null","null","null","null","null","null","null","null","null","null","null","null","null","null","null","null","null","null","null","null","null","null","null","null","null","null","null","null","null","null","null","null","null","null","null","null","null","null","null","null","null","null","null","null","null","null","null","null","null","null","null","null","null","null","null","null","null","null","null","null","null","null","null","null","null","null","null","null","null","null","null","null","null","null","null","null","null","null","null","null","null","null","null","null","null","null","null","null","null","null","null","null","null","null","null","null","null","null","null","null","null","null","null","null","null","null","null","null","null","null","null","null","null","null","null","null","null","null","null","null","1.38e+00","W/m-K","unknown","nonstp","1","2006-01-05","9.21e+02","J/kg-K","unknown","nonstp","1","2006-01-05","null","null","null","null","null","null","null","null","null","null","null","null","null","null","null","null","null","null","null","null","null","null","null","null","null","null","null","null","null","null","null","null","null","null","null","null","null","null","null","null","null","null","null","null","null","null","null","null","null"
"20","5055 [virgin]","NASA JSC PathFinder Materials","Carbon-Phenolics | Description:","https://tpsx.arc.nasa.gov/Material?id=105","5055 [virgin] | Description:","NASA JSC PathFinder Materials | Description:","Hitco COA-1 cloth; filled phenolic resin, 33.8%; compression molded | Description:","H.I. Thompson, U.S. Polymeric | Description:","Description:","2006-06-15 | Description:","null","dcurry@ems.jsc.nasa.gov","1. D.A. Stewart, J. Pallix, L. Esfahani: Surface Catalytic Efficiency of Candidate Ceramic Thermal Protection Materials for SSTO:NASA CDTM-20007:Mar. 1995:TPSX Ref. #18.","null","1.46e+03","kg/m^3","null","unknown","assumed/assumed","1","2006-01-05","null","null","null","null","null","null","null","null","null","null","null","null","null","null","1.06e+03","J/kg-K","null","unknown","nonstp/assumed","1","2006-01-05","null","null","null","null","null","null","null","null","null","null","null","null","null","null","null","null","null","null","null","null","null","null","null","null","null","null","null","null","null","null","null","null","null","null","null","null","null","null","null","null","null","null","null","null","null","null","null","null","null","null","null","null","null","null","null","null","null","null","null","null","null","null","null","null","null","null","null","null","null","null","null","null","null","null","null","null","null","null","null","null","null","null","null","null","null","null","null","null","null","null","null","null","null","null","null","null","null","null","null","null","null","null","null","null","null","null","null","null","null","null","null","null","null","null","null","null","null","null","null","null","null","null","null","null","null","null","null","null","null","null","null","null","null","null","null","null","null","null","null","null","null","null","null","null","null","null","null","null","null","null","null","null","null","null","null","null","null","null","null","null","null","null","null","1.02e+00","W/m-K","unknown","nonstp/assumed","1","2006-01-05","null","null","null","null","null","null","null","null","null","null","null","null","null","null","null","null","null","null","null","null","null","null","null","null","null","null","null","null","null","null","null","null","null","null","null","null","null","null","null","null","null","null","null"
"21","5055A [char]","NASA JSC PathFinder Materials","Carbon-Phenolics | Description:","https://tpsx.arc.nasa.gov/Material?id=128","5055A [char] | Description:","NASA JSC PathFinder Materials | Description:","Hitco CCA-1-1641 carbon cloth; filled phenolic resin, 34%; Rosette molded | Description:","H.I. Thompson, U.S. Polymeric | Description:","Description:","2006-06-15 | Description:","null","dcurry@ems.jsc.nasa.gov","1. D.A. Stewart, J. Pallix, L. Esfahani: Surface Catalytic Efficiency of Candidate Ceramic Thermal Protection Materials for SSTO:NASA CDTM-20007:Mar. 1995:TPSX Ref. #18.","null","1.24e+03","kg/m^3","null","unknown","assumed/assumed","1","2006-01-05","null","null","null","null","null","null","null","null","null","null","null","null","null","null","null","null","null","null","null","null","null","1. Char values for pre-condition char at 2460R. | 2. Char values for pre-condition char at 2460R.","null","null","null","null","null","null","null","null","null","null","null","null","null","null","null","null","null","null","null","null","null","null","null","null","null","null","null","null","null","null","null","null","null","null","null","null","null","null","null","null","null","null","null","null","null","null","null","null","null","null","null","null","null","null","null","null","null","null","null","null","null","null","null","null","null","null","null","null","null","null","null","null","null","null","null","null","null","null","null","null","null","null","null","null","null","null","null","null","null","null","null","null","null","null","null","null","null","null","null","null","null","null","null","null","null","null","null","null","null","null","null","null","null","null","null","null","null","null","null","null","null","null","null","null","null","null","null","null","null","null","null","null","null","null","null","null","null","null","null","null","null","null","null","null","null","null","null","null","null","null","1.38e+00","W/m-K","unknown","nonstp","1","2006-01-05","9.71e+02","J/kg-K","unknown","nonstp","1","2006-01-05","null","null","null","null","null","null","null","null","null","null","null","null","null","null","null","null","null","null","null","null","null","null","null","null","null","null","null","null","null","null","null","null","null","null","null","null","null","null","null","null","null","null","null","null","null","null","null","null","null"
"22","5055A [virgin]","NASA JSC PathFinder Materials","Carbon-Phenolics | Description:","https://tpsx.arc.nasa.gov/Material?id=127","5055A [virgin] | Description:","NASA JSC PathFinder Materials | Description:","Hitco CCA-1-1641 carbon cloth; filled phenolic resin, 34%; Rosette molded | Description:","H.I. Thompson, U.S. Polymeric | Description:","Description:","2006-06-15 | Description:","null","dcurry@ems.jsc.nasa.gov","1. D.A. Stewart, J. Pallix, L. Esfahani: Surface Catalytic Efficiency of Candidate Ceramic Thermal Protection Materials for SSTO:NASA CDTM-20007:Mar. 1995:TPSX Ref. #18.","null","1.48e+03","kg/m^3","null","unknown","assumed/assumed","1","2006-01-05","null","null","null","null","null","null","null","null","null","null","null","null","null","null","1.02e+03","J/kg-K","null","unknown","nonstp/assumed","1","2006-01-05","null","null","null","null","null","null","null","null","null","null","null","null","null","null","null","null","null","null","null","null","null","null","null","null","null","null","null","null","null","null","null","null","null","null","null","null","null","null","null","null","null","null","null","null","null","null","null","null","null","null","null","null","null","null","null","null","null","null","null","null","null","null","null","null","null","null","null","null","null","null","null","null","null","null","null","null","null","null","null","null","null","null","null","null","null","null","null","null","null","null","null","null","null","null","null","null","null","null","null","null","null","null","null","null","null","null","null","null","null","null","null","null","null","null","null","null","null","null","null","null","null","null","null","null","null","null","null","null","null","null","null","null","null","null","null","null","null","null","null","null","null","null","null","null","null","null","null","null","null","null","null","null","null","null","null","null","null","null","null","null","null","null","null","9.17e-01","W/m-K","unknown","nonstp/assumed","1","2006-01-05","null","null","null","null","null","null","null","null","null","null","null","null","null","null","null","null","null","null","null","null","null","null","null","null","null","null","null","null","null","null","null","null","null","null","null","null","null","null","null","null","null","null","null"
"23","AB 312","NASA JSC PathFinder Materials","Silicon-Based Reusable Composites: Rigid Ceramic Tiles | Description:","https://tpsx.arc.nasa.gov/Material?id=239","AB 312 | Description:","NASA JSC PathFinder Materials | Description:","alumina boria silica | Description:","Minnesota Mining & Manufacturing Co. | Description:","Description:","2006-06-15 | Description:","Manufacturer: Minnesota Mining & Manufacturing Co.  <BR>Composition:  alumina boria silica","dcurry@ems.jsc.nasa.gov","1. D.A. Stewart, D.B. Leiser: Characterization of the Thermal Conductivity for Fibrous Refractory Composite Insulations:Ceramic Engineering and Science Proceedings:1985:TPSX Ref. #1.","null","9.85e+02","kg/m^3","null","unknown","assumed/assumed","1","2006-01-05","null","null","null","null","null","null","null","null","null","null","null","null","null","null","1.51e+02","J/kg-K","null","unknown","nonstp","1","2006-01-05","null","null","null","null","null","null","null","null","null","null","null","null","null","null","null","null","null","null","null","null","null","null","null","null","null","null","null","null","null","null","null","null","null","null","null","null","null","null","null","null","null","null","null","null","null","null","null","null","null","null","null","null","null","null","null","null","null","null","null","null","null","null","null","null","null","null","null","null","null","null","null","null","null","null","null","null","null","null","null","null","null","null","null","null","null","null","null","null","null","null","null","null","null","null","null","null","null","null","null","null","null","null","null","null","null","null","null","null","null","null","null","null","null","null","null","null","null","null","null","null","null","null","null","null","null","null","null","null","null","null","null","null","null","null","null","null","null","null","null","null","null","null","null","null","null","null","null","null","null","null","null","null","null","null","null","null","null","null","null","null","null","null","null","3.50e-01","W/m-K","unknown","nonstp","1","2006-01-05","0.89","-","unknown","TRUE","1","2006-01-05","1.53e+03","K","unknown","assumed/assumed","1","2006-01-05","null","null","null","null","null","null","null","null","null","null","null","null","null","null","null","null","null","null","null","null","null","null","null","null","null","null","null","null","null","null","null"
"24","Abletherm 5130","NASA Langley Research Center Database","Other | Description:","https://tpsx.arc.nasa.gov/Material?id=1442","Abletherm 5130 | Description:","NASA Langley Research Center Database | Description:","Description:","Description:","Description:","2003-07-15 | Description:","This material is a high thermal conductivity elastomeric gasket which is used as an interface between the electronic component and the heat spreader, in order to increase the heat transfer across the junction.  Thickness = 0.381 mm","Skip Fletcher | Texas A&M University | sfletcher@tamu.edu","1. S.R. Mirmira, E.E. Marotta, L.S. Fletcher: Thermal Contact Conductance of Elastomeric Gaskets:AIAA:TPSX Ref. #148.","1. S.R. Mirmira, E.E. Marotta, L.S. Fletcher: Thermal Contact Conductance of Elastomeric Gaskets:AIAA:TPSX Ref. #148.","null","null","null","null","null","null","null","null","null","null","null","null","null","null","null","null","null","null","null","null","null","null","null","null","null","null","null","null","null","null","null","null","null","null","null","null","null","null","null","null","null","null","null","null","null","null","null","null","null","null","null","null","null","null","null","null","null","null","null","null","null","null","null","null","null","null","null","null","null","null","null","null","null","null","null","null","null","null","null","null","null","null","null","null","null","null","null","null","null","null","null","null","null","null","null","null","null","null","null","null","null","null","null","null","null","null","null","null","null","null","null","null","null","null","null","null","null","null","null","null","null","null","null","null","null","null","null","null","null","null","null","null","null","null","null","null","null","null","null","null","null","null","null","null","null","null","null","null","null","null","null","null","null","null","null","null","null","null","null","null","null","null","null","null","null","null","null","null","null","null","null","null","null","null","null","null","null","null","null","null","null","null","null","null","null","null","null","null","null","null","null","2.9","W/m-K","measured","assumed/assumed","1","2006-01-05","null","null","null","null","null","null","null","null","null","null","null","null","7.25e-02","null","null","null","null","null","null","null","null","null","null","null","null","null","null","null","null","null","null","null","null","null","null","null","null","null","null","null","null","null","null"
"25","abs resin (high k)","K&K Associates Materials","Other | Description:","https://tpsx.arc.nasa.gov/Material?id=1296","abs resin (high k) | Description:","K&K Associates Materials | Description:","Description:","Description:","Description:","2006-06-15 | Description:","abs resin (high k)","Thomas Squire | NASA Ames Research Center | tsquire@mail.arc.nasa.gov","null","null","1.04e+03","kg/m^3","null","unknown","assumed/assumed","null","2006-01-05","null","null","null","null","null","null","null","null","null","null","null","null","null","null","1.51e+03","J/kg-K","null","unknown","assumed/assumed","null","2006-01-05","null","null","null","null","null","null","null","null","null","null","null","null","null","null","null","null","null","null","null","null","null","null","null","null","null","null","null","null","null","null","null","null","null","null","null","null","null","null","null","null","null","null","null","null","null","null","null","null","null","null","null","null","null","null","null","null","null","null","null","null","null","null","null","null","null","null","null","null","null","null","null","null","null","null","null","null","null","null","null","null","null","null","null","null","null","null","null","null","null","null","null","null","null","null","null","null","null","null","null","null","null","null","null","null","null","null","null","null","null","null","null","null","null","null","null","null","null","null","null","null","null","null","null","null","null","null","null","null","null","null","null","null","null","null","null","null","null","null","null","null","null","null","null","null","null","null","null","null","null","null","null","null","null","null","null","null","null","null","null","null","null","null","null","2.09e-01","W/m-K","unknown","assumed/assumed","null","2006-01-05","null","null","null","null","null","null","null","null","null","null","null","null","null","null","null","null","null","null","null","null","null","null","null","null","null","null","null","null","null","null","null","null","null","null","null","null","null","null","null","null","null","null","null"
"26","abs resin (low k)","K&K Associates Materials","Other | Description:","https://tpsx.arc.nasa.gov/Material?id=1297","abs resin (low k) | Description:","K&K Associates Materials | Description:","Description:","Description:","Description:","2006-06-15 | Description:","abs resin (low k)","Thomas Squire | NASA Ames Research Center | tsquire@mail.arc.nasa.gov","null","null","1.04e+03","kg/m^3","null","unknown","assumed/assumed","null","2006-01-05","null","null","null","null","null","null","null","null","null","null","null","null","null","null","1.51e+03","J/kg-K","null","unknown","assumed/assumed","null","2006-01-05","null","null","null","null","null","null","null","null","null","null","null","null","null","null","null","null","null","null","null","null","null","null","null","null","null","null","null","null","null","null","null","null","null","null","null","null","null","null","null","null","null","null","null","null","null","null","null","null","null","null","null","null","null","null","null","null","null","null","null","null","null","null","null","null","null","null","null","null","null","null","null","null","null","null","null","null","null","null","null","null","null","null","null","null","null","null","null","null","null","null","null","null","null","null","null","null","null","null","null","null","null","null","null","null","null","null","null","null","null","null","null","null","null","null","null","null","null","null","null","null","null","null","null","null","null","null","null","null","null","null","null","null","null","null","null","null","null","null","null","null","null","null","null","null","null","null","null","null","null","null","null","null","null","null","null","null","null","null","null","null","null","null","null","1.38e-01","W/m-K","unknown","assumed/assumed","null","2006-01-05","null","null","null","null","null","null","null","null","null","null","null","null","null","null","null","null","null","null","null","null","null","null","null","null","null","null","null","null","null","null","null","null","null","null","null","null","null","null","null","null","null","null","null"
"27","ACC (Advanced Carbon-Carbon Composite)","NASA Ames Thermal Protection Materials","Carbon-Based Reusable Composites: Carbon-Carbons | Description:","https://tpsx.arc.nasa.gov/Material?id=25","ACC (Advanced Carbon-Carbon Composite) | Description:","NASA Ames Thermal Protection Materials | Description:","Description:","Description:","Description:","1996-02-01 | Description:","Advanced Carbon-Carbon (ACC) is an improved version of RCC, developed in part by LaRC, exhibiting greater strength, increased resistance to oxidation, and reduced fabrication time.  The ACC composites generally consist of PAN (pol acrylonitrile) precursors rather than the rayon used for RCC.  These PAN precursors can be set in a variety of available matrices.  Some of these matrices include modified phenolics, acetylene terminated compound, polyimides and furanic based matrices.  The ACC material is produced by weaving the carbon fibers together to produce a two dimensional structure.  This fabric is then impregnated with resin and heated.  After this fiber/matric system is formed, it is coated with and oxidation protection material which is most often SiC.","Wayne Sawyer | NASA Langley Research Center | j.w.sawyer@larc.nasa.gov","null","1. D.J. Rasky: Thermal Protection Systems for Future Reusable Launch Vehicles:25th International Conference on Environmemtal Systems, No. 951618:Jul. 1995:TPSX Ref. #7. | 2. C. Ehrlich, et al.: Advanced Manned Launch System Study (AMLS); Reusable Cyrogenic Tank Design:Contract NAS1-18975 DRD-9:Rockwell International, Space Systems Division, Downey, CA:Jul.-Sep. 1993:TPSX Ref. #8. | 3. anon: Current Technology for Thermal Protection Systems:NASA Conf. Pub. 3157:Feb. 1992:TPSX Ref. #9. | 4. H.G. Maahs: Oxidation-Resistant Carbon-Carbon Composites for Hypersonic Vehicle Applications:NASA CP-2501:1988:TPSX Ref. #40.","1.60e+03","kg/m^3","null","unknown","assumed/assumed","null","2006-01-05","null","null","null","null","null","null","null","null","null","null","null","null","null","null","null","null","null","null","null","null","null","null","null","null","null","null","null","null","null","null","null","null","null","null","null","null","null","null","null","null","null","null","null","null","null","null","null","null","null","null","null","null","null","null","null","null","null","null","null","null","null","null","null","null","null","null","null","null","null","null","null","null","null","null","null","null","null","null","null","null","null","null","null","null","null","null","null","null","null","null","null","null","null","null","null","null","null","null","null","null","null","null","null","null","null","null","null","null","null","null","null","null","null","null","null","null","null","null","null","null","null","null","null","null","null","null","null","null","null","null","null","null","null","null","null","null","null","null","null","null","null","null","null","null","null","null","null","null","null","null","null","null","null","null","null","null","null","null","null","null","null","null","null","null","null","null","null","null","null","null","null","null","null","null","null","null","null","null","null","null","null","null","null","null","3.63e+00","W/m-K","unknown","TRUE","null","2006-01-05","null","null","null","null","null","null","1.92e+03","K","unknown","assumed/assumed","null","2006-01-05","null","1.87e+03","K","unknown","assumed/assumed","2006-01-05","1.29e+05","$/m^2","unknown","assumed/assumed","2006-01-05","3.72e+05","s/m^2","unknown","assumed/assumed","2006-01-05","4.26e+03","s/m^2","unknown","assumed/assumed","2006-01-05","1.30e-03","-","unknown","assumed/assumed","2006-01-05","1.00e+02","-","unknown","assumed/assumed","2006-01-05"
"28","acetyl (delrin)","K&K Associates Materials","Other | Description:","https://tpsx.arc.nasa.gov/Material?id=1298","acetyl (delrin) | Description:","K&K Associates Materials | Description:","Description:","Description:","Description:","2006-06-15 | Description:","acetyl (delrin)","Thomas Squire | NASA Ames Research Center | tsquire@mail.arc.nasa.gov","null","null","1.42e+03","kg/m^3","null","unknown","assumed/assumed","null","2006-01-05","null","null","null","null","null","null","null","null","null","null","null","null","null","null","1.46e+03","J/kg-K","null","unknown","assumed/assumed","null","2006-01-05","null","null","null","null","null","null","null","null","null","null","null","null","null","null","null","null","null","null","null","null","null","null","null","null","null","null","null","null","null","null","null","null","null","null","null","null","null","null","null","null","null","null","null","null","null","null","null","null","null","null","null","null","null","null","null","null","null","null","null","null","null","null","null","null","null","null","null","null","null","null","null","null","null","null","null","null","null","null","null","null","null","null","null","null","null","null","null","null","null","null","null","null","null","null","null","null","null","null","null","null","null","null","null","null","null","null","null","null","null","null","null","null","null","null","null","null","null","null","null","null","null","null","null","null","null","null","null","null","null","null","null","null","null","null","null","null","null","null","null","null","null","null","null","null","null","null","null","null","null","null","null","null","null","null","null","null","null","null","null","null","null","null","null","2.30e-01","W/m-K","unknown","assumed/assumed","null","2006-01-05","null","null","null","null","null","null","null","null","null","null","null","null","null","null","null","null","null","null","null","null","null","null","null","null","null","null","null","null","null","null","null","null","null","null","null","null","null","null","null","null","null","null","null"
"29","acrylic (high k)","K&K Associates Materials","Plastics | Description:","https://tpsx.arc.nasa.gov/Material?id=949","acrylic (high k) | Description:","K&K Associates Materials | Description:","Description:","Description:","Description:","2006-06-15 | Description:","acrylic (high k)","Thomas Squire | NASA Ames Research Center | tsquire@mail.arc.nasa.gov","null","null","1.20e+03","kg/m^3","null","unknown","assumed/assumed","null","2006-01-05","null","null","null","null","null","null","null","null","null","null","null","null","null","null","1.42e+03","J/kg-K","null","unknown","assumed/assumed","null","2006-01-05","null","null","null","null","null","null","null","null","null","null","null","null","null","null","null","null","null","null","null","null","null","null","null","null","null","null","null","null","null","null","null","null","null","null","null","null","null","null","null","null","null","null","null","null","null","null","null","null","null","null","null","null","null","null","null","null","null","null","null","null","null","null","null","null","null","null","null","null","null","null","null","null","null","null","null","null","null","null","null","null","null","null","null","null","null","null","null","null","null","null","null","null","null","null","null","null","null","null","null","null","null","null","null","null","null","null","null","null","null","null","null","null","null","null","null","null","null","null","null","null","null","null","null","null","null","null","null","null","null","null","null","null","null","null","null","null","null","null","null","null","null","null","null","null","null","null","null","null","null","null","null","null","null","null","null","null","null","null","null","null","null","null","null","2.51e-01","W/m-K","unknown","assumed/assumed","null","2006-01-05","null","null","null","null","null","null","null","null","null","null","null","null","null","null","null","null","null","null","null","null","null","null","null","null","null","null","null","null","null","null","null","null","null","null","null","null","null","null","null","null","null","null","null"
"30","acrylic (lucite plexiglass)","K&K Associates Materials","Plastics | Description:","https://tpsx.arc.nasa.gov/Material?id=950","acrylic (lucite plexiglass) | Description:","K&K Associates Materials | Description:","Description:","Description:","Description:","2006-06-15 | Description:","acrylic (lucite plexiglass)","Thomas Squire | NASA Ames Research Center | tsquire@mail.arc.nasa.gov","null","null","1.20e+03","kg/m^3","null","unknown","assumed/assumed","null","2006-01-05","null","null","null","null","null","null","null","null","null","null","null","null","null","null","1.30e+03","J/kg-K","null","unknown","assumed/assumed","null","2006-01-05","null","null","null","null","null","null","null","null","null","null","null","null","null","null","null","null","null","null","null","null","null","null","null","null","null","null","null","null","null","null","null","null","null","null","null","null","null","null","null","null","null","null","null","null","null","null","null","null","null","null","null","null","null","null","null","null","null","null","null","null","null","null","null","null","null","null","null","null","null","null","null","null","null","null","null","null","null","null","null","null","null","null","null","null","null","null","null","null","null","null","null","null","null","null","null","null","null","null","null","null","null","null","null","null","null","null","null","null","null","null","null","null","null","null","null","null","null","null","null","null","null","null","null","null","null","null","null","null","null","null","null","null","null","null","null","null","null","null","null","null","null","null","null","null","null","null","null","null","null","null","null","null","null","null","null","null","null","null","null","null","null","null","null","1.52e-01","W/m-K","unknown","assumed/assumed","null","2006-01-05","null","null","null","null","null","null","null","null","null","null","null","null","null","null","null","null","null","null","null","null","null","null","null","null","null","null","null","null","null","null","null","null","null","null","null","null","null","null","null","null","null","null","null"